{
    "energy": {
        "angry": 0.8431782045428604,
        "happy": 0.7896004173187272,
        "neutral": 0.5509831131306455,
        "sad": 0.24455519907112064
    },
    "valence": {
        "angry": 0.3237912652665221,
        "happy": 0.770273785161109,
        "neutral": 0.5080404758757435,
        "sad": 0.1754643538154159
    },
    "tempo": {
        "angry": 123.58653081839972,
        "happy": 123.25824726134584,
        "neutral": 118.20520647719762,
        "sad": 108.28884033790177
    }
}